"","lakeID","slope","slope.p","Country.of.Lake","Latitude","Longitude","Lake.Area..m.2.","MaxDepth_m","perag","perdev","perfor","p.freq"
"1","Greenvale",-0.0731250000000001,0.4095,"Australia",-37.63,144.9,1722540.69,39,0.4547,0.5313,0.0114,"n.s."
"2","Happy.Valley",0.0199999999999999,0.3853,"Australia",-35.07,138.57,1532268.13,20.16,0.119,0.6866,0.1864,"n.s."
"3","Hope.Valley",0.31,0.0127,"Australia",-34.85,138.68,548901.77,13.34,0.064,0.7397,0.1948,"*"
"4","Middle",0.0533333333333334,0.0505,"Canada",46.43,-81.02,284579.72,15,0.5957,0.1834,0.2208,"n.s."
"5","Hannah",0.0507692307692308,0.0175,"Canada",46.44,-81.03,277653.03,8.5,0.4844,0.3294,0.1408,"*"
"6","Greifensee",NA,NA,"Switzerland",47.35,8.67,803835.68,32,0.5614,0.243,0.1873,NA
"7","Saimaa",0.0718181818181817,0.006,"Finland",61.08,28.26,4449643044.21,82,0.1308,0.0155,0.852,"*"
"8","Kallavesi",0.0345833333333334,0.2522,"Finland",62.9,27.73,76671377.36,90,0.0924,0.0365,0.87,"n.s."
"9","Jesup",-0.00500000000000078,0.8694,"United States",28.7,-81.23,31928367.3,3.4,0.0338,0.6394,0.0299,"n.s."
"10","Kensico",0.0652777777777777,0.0041,"United States",41.08,-73.76,5947530.69,53.9,0.0126,0.3807,0.5753,"*"
"11","Annabessacook ",-0.00886825134497635,0.5738,"USA",44.2697,-69.9801,5729000,14.94,0.0788,0.0768,0.65,"n.s."
"12","Auburn ",-0.0617533421210164,0.0323,"USA",44.1448,-70.2533,9219000,35.98,0.0884,0.0863,0.6797,"*"
"13","BALD EAGLE",0.0115599270626284,0.6531,"USA",45.1101,-93.0136,4095000,11.9,0.1425,0.2618,0.0969,"n.s."
"14","Bauneg Beg Lake",0.047638756760566,0.4995,"USA",43.3652,-70.7383,809000,8.8,0.0562,0.1509,0.5904,"n.s."
"15","Beaver Lake near Eureka Springs",0.0348102021969937,0.0579,"USA",36.4209,-93.8474,1.28e+08,NA,0.2842,0.0592,0.6233,"n.s."
"16","BRYANT",-0.0412217292091179,0.3334,"USA",44.8769,-93.4285,705000,13.7,0.0042,0.7897,0.0372,"n.s."
"17","Cobbosseecontee ",-0.00663109283264195,0.5918,"USA",44.2694,-69.9296,22332000,30.49,0.1015,0.0785,0.625,"n.s."
"18","Cochnewagon Pond",0.00323875706337014,0.8856,"USA",44.2314,-70.0444,1595000,8.54,0.1228,0.0747,0.6748,"n.s."
"19","DEMONTREVILLE",0.0451835866196214,0.9453,"USA",45.0217,-92.9398,568000,7.3,0.0902,0.4011,0.1271,"n.s."
"20","DETROIT",0.00864443779579925,0.9225,"USA",46.7765,-95.832,12007000,25,0.2363,0.0602,0.2654,"n.s."
"21","EAGLE/PIKE (EAGLE BAY)",-0.0412421052631579,0.8267,"USA",45.0735,-93.4127,NA,10.7,0.0106,0.6913,0.0135,"n.s."
"22","Eucha",0.00625534082652184,0.8078,"USA",36.358,-94.8896,1.1e+07,26,0.4554,0.0537,0.4512,"n.s."
"23","GERVAIS",-0.0219006249753072,0.2239,"USA",45.0171,-93.0716,860000,14.6,0.0293,0.6296,0.0648,"n.s."
"24","GOLDEN",-0.113468952005537,0.0925,"USA",45.1395,-93.1533,231000,7.3,0.0826,0.367,0.085,"n.s."
"25","Greers Ferry Lake near Heber Springs",0.0445303939628077,0.01,"USA",35.5209,-91.9951,163898000,148,0.1311,0.0431,0.7703,"*"
"26","Haley Pond",0.154101801024404,0.0185,"USA",44.9692,-70.6339,664000,7.01,0,0.0714,0.6824,"*"
"27","Highland ",-0.029613544999438,0.2919,"USA",44.0799,-70.7384,5401000,15.24,0.0206,0.0513,0.8212,"n.s."
"28","INDEPENDENCE",-0.0484517147055893,0.0778,"USA",45.0253,-93.6448,3442000,17.7,0.3675,0.0697,0.0886,"n.s."
"29","KELLER (MAIN)",0.0658547975334826,0.0035,"USA",45.01,-93.0609,277000,2.4,0.0284,0.6347,0.0625,"*"
"30","Kezar Lake - Upper Bay",0.00916810966810964,0.6292,"USA",44.2263,-70.8976,10780000,49,0.007,0.024,0.8948,"n.s."
"31","KOHLMAN",0.0572805315406568,0.0011,"USA",45.0246,-93.058,291000,2.7,0.0128,0.8615,0.0201,"*"
"32","Little Cobbosseecontee",-0.0117316439246265,0.4954,"USA",44.3285,-69.8858,368000,10.06,0.1775,0.0717,0.6103,"n.s."
"33","Little Pennesseewassee (Hobbs Pond)",0.0435061090225564,0.0397,"USA",44.2243,-70.6165,405000,9.45,0.2329,0.0525,0.6458,"*"
"34","Long ",-0.0343259433523968,0.1084,"USA",44.0372,-70.6554,21437000,17.99,0.0433,0.0729,0.7282,"n.s."
"35","Lower Narrows Pond",-0.000662032403291628,0.9674,"USA",44.2905,-69.9522,903000,32.32,0.061,0.0732,0.6924,"n.s."
"36","Madawaska",0.0427984189723322,0.1028,"USA",47.0254,-68.2179,6352000,11.59,0.0095,0.0162,0.6697,"n.s."
"37","Moose Pond",-0.0474254704258829,0.0017,"USA",44.0417,-70.796,6870000,21.34,0.0249,0.0714,0.7654,"*"
"38","Mousam ",0.0408352095341707,0.0267,"USA",43.5075,-70.8588,3976000,29.88,0.0501,0.0686,0.634,"*"
"39","Norfork Lake near Norfork",0.0230380915557379,0.1021,"USA",36.2492,-92.2379,8.9e+07,54,0.2728,0.0402,0.6574,"n.s."
"40","North Pond",-0.162659115909033,0,"USA",44.2623,-70.5907,1105000,3.05,0.0574,0.0308,0.7493,"*"
"41","OTTER",-0.010109449593438,0.7498,"USA",45.1234,-93.0455,1368000,6.4,0.0136,0.2876,0.1455,"n.s."
"42","PARKERS",-0.274192496392497,0.003,"USA",44.9925,-93.4714,372000,11.3,0,0.9784,9e-04,"*"
"43","Pennesseewassee (Norway) ",0.0354015241316558,0.0548,"USA",44.2303,-70.5829,3996000,14.63,0.0849,0.0692,0.7063,"n.s."
"44","PHALEN",-0.0441586358571424,0.0073,"USA",44.9928,-93.0563,884000,27.7,0.026,0.6592,0.0574,"*"
"45","PIERSONS",0.0710985663082437,0.3633,"USA",44.8341,-93.6968,1376000,12.2,0.4897,0.015,0.08,"n.s."
"46","RILEY",0.01034015817048,0.8711,"USA",44.8354,-93.5181,1217000,15.2,0.0571,0.5568,0.0648,"n.s."
"47","ROUND",0.0528618219594642,0.0127,"USA",44.9939,-93.0625,121000,2.4,0.0276,0.6397,0.061,"*"
"48","Sabattus Pond",0.0134626217380976,0.358,"USA",44.1443,-70.1026,7988000,5.79,0.1212,0.0972,0.5978,"n.s."
"49","SALLIE",-0.012450776982682,0.8887,"USA",46.7742,-95.8911,5126000,17.7,0.2151,0.0841,0.2253,"n.s."
"50","Sand Pond",0.00796047971410813,0.5765,"USA",44.201,-70.611,551000,17.07,0.0334,0.0334,0.8586,"n.s."
"51","Sebasticook",0.0517073519623107,0.003,"USA",44.8581,-69.238,18368000,15.24,0.1446,0.0696,0.5748,"*"
"52","SILVER",-0.0139479061871227,0.5894,"USA",45.0447,-93.2261,281000,14.3,0.0011,0.8634,0.0174,"n.s."
"53","SNAIL",0.0431990151020282,0.0336,"USA",45.0693,-93.1227,634000,9.1,0.0024,0.8655,5e-04,"*"
"54","Spavinaw",0.0162092297201358,0.5253,"USA",36.3818,-95.0477,7e+06,14,0.424,0.052,0.475,"n.s."
"55","SQUARE",-0.0783893978265403,0.1119,"USA",45.1563,-92.8043,850000,20.7,0.1843,0.0244,0.3214,"n.s."
"56","Threemile Pond",0.0481491561398103,0.0248,"USA",44.3667,-69.6046,4753000,11.28,0.0616,0.0644,0.6625,"*"
"57","TURTLE",0.0213126126760978,0.2496,"USA",45.098,-93.1372,1797000,7.3,0.0023,0.7922,0.0152,"n.s."
"58","Upper Narrows Pond",-0.0279310531298413,0.0545,"USA",44.3061,-69.9447,968000,16.46,0.0741,0.0866,0.688,"n.s."
"59","Upper Pleasant (Mud) Pond",0.00754698218557019,0.6471,"USA",44.1688,-69.8553,3227000,7.93,0.1228,0.1015,0.6448,"n.s."
"60","UPPER PRIOR",-0.0810564001714447,0.1501,"USA",44.7166,-93.4442,1376000,13.1,0.4595,0.1282,0.0439,"n.s."
"61","VALENTINE",0.00682230212184119,0.7075,"USA",45.0587,-93.1652,241000,4,2e-04,0.8401,0.0063,"n.s."
"62","WABASSO",-0.0514631697227351,3e-04,"USA",45.0445,-93.1167,188000,20.1,6e-04,0.7771,0.0056,"*"
"63","Webber Pond",0.0357504273504273,0.054,"USA",44.4107,-69.6564,4992000,12.5,0.0753,0.0679,0.6046,"n.s."
"64","WHALETAIL (S. BAY)",-0.0716969064090849,0.1501,"USA",44.9324,-93.7163,NA,6.7,0.31,0.0228,0.1709,"n.s."
"65","Wilson Pond",-0.00127217566309214,0.9547,"USA",44.2949,-70.0486,2381000,12.8,0.053,0.0693,0.7364,"n.s."
"66","Allequash",0.0290170454545453,0.0995,"USA",46.0367,-89.6291,1684000,8,0.0027,0.0437,0.6014,"n.s."
"67","AUGUSTA",-0.0699571067313798,0.3633,"USA",45.2991,-94.1685,652000,25.6,0.5747,0.0266,0.0912,"n.s."
"68","BETTY (BETSY)",-0.0146980920314254,0.8202,"USA",45.2745,-94.2828,737000,7.6,0.6571,0.0259,0.0522,"n.s."
"69","Big Muskellunge",0.0378734171608279,0.0309,"USA",46.0162,-89.6135,3963000,21.3,0.0041,0.0599,0.7363,"*"
"70","Crystal Bog",-0.0222857142857141,0.2385,"USA",46.0076,-89.6063,5000,2.5,0,0.2444,0.3378,"n.s."
"71","Crystal Lake",0.0151458642367733,0.2933,"USA",46.0018,-89.6136,367000,20.4,0.006,0.0554,0.7723,"n.s."
"72","Eagle",-0.0550450400441117,0.0965,"USA",44.3628,-68.2506,1768000,33.6,0,0.0914,0.7095,"n.s."
"73","JOHANNA",-0.00838735319186048,0.7335,"USA",45.04,-93.1724,930000,12.2,0.0093,0.9012,0.0014,"n.s."
"74","Jordan Pond",0.0658842702162833,0.0526,"USA",44.3327,-68.2552,757000,45.7,0,0.0643,0.5746,"n.s."
"75","JOSEPHINE",0.0127483954028844,0.376,"USA",45.0332,-93.1518,440000,13.4,6e-04,0.9001,0.0012,"n.s."
"76","LOUISA",-0.138379999833697,0.1659,"USA",45.3075,-94.2541,601000,13.7,0.5983,0.0248,0.0806,"n.s."
"77","Maranacook ",-0.00057546304768256,0.9024,"USA",44.3411,-69.9503,7466000,39.02,0.0894,0.0743,0.7109,"n.s."
"78","MINNETONKA (LOWER LAKE)",-0.197800306770515,1e-04,"USA",44.9147,-93.568,NA,7.6,0.1677,0.3055,0.0925,"*"
"79","North Long",0.0536814248612187,0.1305,"USA",45.0724,-93.1992,NA,NA,0.1748,0.3179,0.0658,"n.s."
"80","PIKE",-0.0184971139971141,1,"USA",45.0678,-93.2082,146000,4.9,3e-04,0.9363,0.0031,"n.s."
"81","SCOTT",0.114290232558139,0.1297,"USA",45.2755,-94.258,372000,7,0.6164,0.024,0.0701,"n.s."
"82","South Long",0.0263613445378152,0.3202,"USA",45.0724,-93.1992,NA,NA,0.1748,0.318,0.0658,"n.s."
"83","Sparkling",0.04114667445223,0.0437,"USA",46.0091,-89.6995,640000,20,0,0.1126,0.5368,"*"
"84","Taylor Pond",0.0685065934065934,0.017,"USA",44.1069,-70.2792,2644000,13.41,0.0981,0.0758,0.6958,"*"
"85","Trout",0.030258974144423,0.0832,"USA",46.0461,-89.6751,16079000,35.7,0.0032,0.0564,0.552,"n.s."
"86","Carlton Pond",-0.0225187948365653,0.14,"USA",44.3481,-69.9084,903000,17.38,0.1186,0.0569,0.7513,"n.s."
"87","China ",0.00222461398728413,0.9095,"USA",44.4302,-69.5473,15947000,25.91,0.106,0.0895,0.5699,"n.s."
"88","FISH",-0.144643779481909,0.0026,"USA",45.0881,-93.4668,921000,14.6,0.0021,0.8124,0.0317,"*"
"89","FOREST",0.00536084413550749,0.9671,"USA",44.9575,-93.6324,328000,12.5,0.067,0.3827,0.1619,"n.s."
"90","Long Pond",-0.0392026421582588,0.0424,"USA",44.5056,-69.9142,10352000,32.32,0.0378,0.0424,0.59,"*"
"91","Sabbathday Lake",0.0614685538073139,0.0091,"USA",43.9793,-70.3516,1380000,18,0.0624,0.0648,0.7223,"*"
"92","Stearns Pond",-0.0137432812370797,0.6586,"USA",44.1222,-70.7772,1004000,14.33,0.0185,0.0335,0.8538,"n.s."
"93","Swan Lake (Goose Pond)",0.0310983231410173,0.1956,"USA",44.5482,-68.9896,5619000,26.52,0.0531,0.0922,0.7785,"n.s."
"94","AUBURN (WEST BAY)",-0.0481301636964035,0.2244,"USA",44.8683,-93.6947,NA,25.6,0.2055,0.1534,0.0875,"n.s."
"95","Bubble Pond",-0.0789661548161801,0.3334,"USA",44.345,-68.2391,129000,11.9,0,0.0279,0.7029,"n.s."
"96","Emerald",0.147547288359788,0.0967,"USA",36.5969,-118.675,29000,10,0,0,0.0163,"n.s."
"97","Farrington Pond",0.259513888888889,0.0228,"USA",44.1781,-70.9269,230000,5,0,0,0.9322,"*"
"98","Jimmy Pond",-0.0324334365325077,0.243,"USA",44.1535,-69.9957,206000,9.76,0.0399,0.0855,0.7528,"n.s."
"99","LONG",-0.0152949179634536,0.4536,"USA",44.9873,-93.5614,1100000,10.1,0.1907,0.2269,0.1494,"n.s."
"100","WASSERMANN",-0.0863631002025497,0.008,"USA",44.8411,-93.6735,1120000,12.5,0.335,0.1121,0.0569,"*"
"101","BEAVER",-0.0211812049062049,0.3446,"USA",44.9733,-93.0052,340000,2.1,0.0159,0.759,0.0327,"n.s."
"102","BENNETT",-0.00319313751288873,0.9629,"USA",45.0191,-93.1436,166000,NA,6e-04,0.9519,6e-04,"n.s."
"103","COMO",-0.0115482534259886,0.6091,"USA",44.9799,-93.1411,285000,4.9,1e-04,0.9655,0.0052,"n.s."
"104","Delavan",-0.00945522937710427,0.7387,"USA",42.6026,-88.6078,7713000,15.8,0.7304,0.1817,0.0626,"n.s."
"105","McCARRON",0.0215692648833505,0.2002,"USA",44.9982,-93.1119,329000,17.3,2e-04,0.9496,0.0025,"n.s."
"106","OWASSO",0.00633135552160115,0.8584,"USA",45.0388,-93.1235,1445000,12.2,9e-04,0.8692,0.0055,"n.s."
"107","PARLEY",-0.0266211145244036,0.5813,"USA",44.8799,-93.7274,1137000,6.1,0.2701,0.1153,0.0805,"n.s."
"108","Torsey (Greeley) ",-0.00490257525045538,0.8078,"USA",44.4209,-69.9857,2749000,13.72,0.0471,0.0495,0.801,"n.s."
"109","WAKEFIELD",0.00294064316997656,0.884,"USA",44.9948,-93.0356,93000,NA,0,0.9761,0,"n.s."
"110","Berry Pond",-0.0827361111111111,1e-04,"USA",44.3337,-70.024,709000,7.62,0.0378,0.047,0.765,"*"
"111","Chickawaukie Pond",0.170299138052847,0,"USA",44.1404,-69.1137,1433000,10.06,0.1108,0.1572,0.6638,"*"
"112","Dexter Pond",-0.0421303118884834,0.0131,"USA",44.3194,-70.0306,457000,7.62,0.0374,0.0462,0.7562,"*"
"113","ISLAND (BASIN N. OF I-694)",0.0284454732510288,0.2767,"USA",45.058,-93.1341,NA,1.5,0,0.6408,0.005,"n.s."
"114","ISLAND (BASIN S. OF I-694)",0.0588248083883328,0.009,"USA",45.0532,-93.1365,NA,1.5,0,0.7365,0,"*"
"115","Middle Range Pond",0.0583621173489841,0.0039,"USA",44.0266,-70.3795,1547000,20.12,0.0568,0.0697,0.7458,"*"
"116","Walker Pond",0.0498200526728521,0.0373,"USA",44.3309,-68.6941,2806000,14.33,0.0412,0.0495,0.7158,"*"
"117","Sunapee 200",0.0158023911773589,0.6391,"US",43.4039,-72.0438,16738000,33.7,0.0167,0.0553,0.6598,"n.s."
"118","Sunapee 210",-0.0407827326225841,0.0582,"US",43.3844,-72.0624,16738000,33.7,0.0167,0.0553,0.6598,"n.s."
"119","Big Cedar",0.0673244853096667,0.101,"USA",43.3733,-88.2637,3792000,32.01,0.4439,0.1872,0.1804,"n.s."
"120","Browns",-0.0257361111111111,0.3768,"USA",42.6903,-88.2436,1607000,15.24,0.046,0.6762,0.1955,"n.s."
"121","Crystal2",0.0895528340840843,0.0702,"USA",43.8061,-88.0186,522000,18.59,0.1208,0.2081,0.5067,"n.s."
"122","Damariscotta ",0.0271030716595232,0.1868,"USA",44.1411,-69.4854,18972000,34.76,0.0693,0.0672,0.6754,"n.s."
"123","East Pond",-0.0304777491087791,0.292,"USA",44.6103,-69.7822,6951000,8.23,0.0143,0.041,0.7982,"n.s."
"124","Kezar Lake - Lower Bay",0.0762414965986395,0.019,"USA",44.1577,-70.9275,10780000,49,0.007,0.024,0.8948,"*"
"125","Nagawicka",0.0316340236340236,0.3546,"USA",43.0729,-88.3885,3970000,27.43,0.3323,0.3597,0.1627,"n.s."
"126","Pewaukee",0.0447801926080167,0.0716,"USA",43.08,-88.2917,9862000,13.72,0.3034,0.4838,0.1662,"n.s."
"127","Buker Pond (Tacoma Lakes)",-0.00964414895449392,0.6685,"USA",44.1677,-69.9804,316000,8.54,0.0358,0.098,0.7364,"n.s."
"128","Echo ",-0.06974829560949,0.0271,"USA",44.3289,-68.3375,955000,20.12,0,0.0965,0.8251,"*"
"129","Mountainy Pond",0.0875232198142424,0.0037,"USA",44.7166,-68.5342,2826000,10.37,1e-04,0.0072,0.9061,"*"
"130","Salmon Pond (Ellis Pond)",0.0370445767641589,0.134,"USA",44.5275,-69.7796,2814000,17.38,0.0307,0.0771,0.6747,"n.s."
"131","Sand Pond (Tacoma Lakes)",-0.00330154218508358,0.8955,"USA",44.1809,-69.9698,1130000,25,0.034,0.096,0.7399,"n.s."
"132","Thompson Lake (The Heath)",0.0538221440125136,0.0074,"USA",44.0691,-70.4901,17891000,36.89,0.0489,0.0465,0.7749,"*"
"133","WHITE BEAR",0.00667418604782051,0.8955,"USA",45.0687,-92.9739,10460000,25.3,0.0617,0.5021,0.1174,"n.s."
"134","Woodbury (Purgatory) Pond (Tacoma Lakes)",0.00484774277039464,0.6947,"USA",44.1988,-69.9518,2077000,18.9,0.033,0.0883,0.7179,"n.s."
"135","Adams Pond",-0.0403672750854439,0.0533,"USA",43.995,-70.7117,174000,15.55,0.0683,0.0801,0.828,"n.s."
"136","Bay of Naples Lake (Brandy Pond)",-0.00503225075298943,0.8955,"USA",43.9552,-70.5894,2996000,13.41,0.0398,0.0719,0.6684,"n.s."
"137","Bear Pond",-0.0170000071167683,0.3201,"USA",44.1531,-70.7179,1012000,21.95,0.0685,0.0534,0.7856,"n.s."
"138","CARVER",-0.100568412630024,0.235,"USA",44.906,-92.98,206000,11,0.0311,0.8045,0.024,"n.s."
"139","CEDAR",-0.0120011464313111,0.4118,"USA",44.9615,-93.3201,688000,15.5,0.0013,0.9316,0.002,"n.s."
"140","Crystal (Anonymous) ",-0.02445401466725,0.3201,"USA",44.1261,-70.6724,1806000,19.82,0.0553,0.0706,0.759,"n.s."
"141","Giles",-0.120570419290216,0.0051,"USA",41.375,-75.0926,481000,23,0.0063,0.1179,0.6161,"*"
"142","HARRIET",-0.0369234680549335,0.1751,"USA",44.9206,-93.306,1429000,25,6e-04,0.8711,0.0042,"n.s."
"143","Island Pond",-0.0239338369518393,0.3201,"USA",44.1605,-70.6427,466000,14.63,0.052,0.0475,0.739,"n.s."
"144","Keoka",-0.00565347864122146,0.8073,"USA",44.1799,-70.7064,1862000,12.8,0.0779,0.0724,0.7805,"n.s."
"145","Keys Pond",-0.0549328090985025,0.0313,"USA",44.1433,-70.82,773000,12.8,0.0317,0.0743,0.8336,"*"
"146","Lacawac",-0.0221685340802987,0.8233,"USA",41.3817,-75.2923,214000,13,0.007,0.0223,0.6416,"n.s."
"147","LAKE OF THE ISLES",-0.0120276790248855,0.7212,"USA",44.9539,-93.309,417000,9.4,0.001,0.8906,0.0027,"n.s."
"148","Otsego",-0.0213380086833855,0.2011,"USA",42.7706,-74.8916,0,0,0.3347,0.0292,0.313,"n.s."
"149","Otter Pond",0.0818857362150045,0.0553,"USA",44.0223,-70.6774,364000,6.4,0.0278,0.0838,0.5477,"n.s."
"150","Parker Pond",0.110714394516375,0.011,"USA",44.4942,-70.0315,6170000,23.17,0.0467,0.0354,0.7569,"*"
"151","Peabody Pond",-0.0870106678831825,0.0015,"USA",43.9449,-70.6878,2996000,19.51,0.0088,0.0286,0.8095,"*"
"152","Square Pond",0.0510693306296878,0.1412,"USA",43.5571,-70.8862,3551000,13.41,0.0449,0.0729,0.6329,"n.s."
"153","TANNERS",0.00044503652019993,1,"USA",44.9507,-92.9806,284000,15,0,0.942,9e-04,"n.s."
"154","Tricky Pond",-0.096932614769642,1e-04,"USA",43.9404,-70.6076,1275000,17.38,0.0126,0.1557,0.784,"*"
"155","Woods Pond",-0.0217103642019493,0.4179,"USA",44.0334,-70.736,1870000,8.84,0.0151,0.0455,0.5554,"n.s."
"156","ZUMBRA-SUNNY",-0.127094663660594,0.0043,"USA",44.8891,-93.6632,656000,17.7,0.0629,0.1484,0.1778,"*"
"157","Heald Pond",-0.013818181818182,0.8887,"USA",44.2158,-70.8676,430000,5,0.0068,0.0252,0.8853,"n.s."
"158","Lake Maumelle at Natural Steps",0.0837959747072449,0.0208,"USA",34.8609,-92.5021,3.6e+07,NA,0.0165,0.0381,0.8569,"*"
"159","Lake Winona at Reform",-0.00921211490536815,0.7074,"USA",34.7978,-92.8514,5018000,NA,3e-04,0.036,0.9319,"n.s."
"160","Powers",0.0620184331797233,0.091,"USA",42.5471,-88.2983,1825000,10.06,0.4356,0.1801,0.186,"n.s."
"161","Beaver Pond",0.0351598006306576,0.1689,"USA",44.0657,-70.7718,279000,10.67,0.0398,0.1023,0.7466,"n.s."
"162","Binder",0.112418554259367,0.1727,"USA",38.6019,-92.3008,588000,15,0.2853,0.4052,0.2921,"n.s."
"163","Bowling Green",-0.0379066905615293,0.4023,"USA",39.3416,-91.1528,89000,17,0.4077,0.0462,0.5358,"n.s."
"164","Brookfield",-0.0190032525405917,0.6238,"USA",39.7961,-93.0283,457000,10,0.7278,0.0942,0.0953,"n.s."
"165","Capri",0.0254563492063493,0.5371,"USA",37.8977,-90.6275,418000,21,0,0.361,0.5811,"n.s."
"166","Clearwater",0.138616422022121,0.0856,"USA",37.1339,-90.7722,8786000,20,0.054,0.03,0.8707,"n.s."
"167","Cold Rain Pond",0.0388525490196076,0.211,"USA",43.9306,-70.6576,146000,10.98,0.0144,0.0391,0.826,"n.s."
"168","Council Bluff",-0.15969012395042,0.0939,"USA",37.735,-90.9116,1724000,21,0.0066,0.0171,0.9624,"n.s."
"169","Hancock Pond",-0.0206263617677283,0.5047,"USA",43.9396,-70.7458,3081000,17.99,0.0162,0.0644,0.7969,"n.s."
"170","Ingalls (Fosters) Pond",-0.0660411764705882,0.0302,"USA",43.966,-70.6864,603000,8.54,0.0547,0.0418,0.8385,"*"
"171","Long (McWain) Pond",-0.0718288782655536,0.0271,"USA",44.1896,-70.6801,1802000,12.8,0.0717,0.0607,0.7957,"*"
"172","McDaniel",0.0477412096622403,0.5593,"USA",37.2939,-93.3142,1044000,10.3,0.5165,0.0659,0.3558,"n.s."
"173","North Lake (Little Pond)",-0.0335283303953662,0.1229,"USA",44.6279,-69.8418,10247000,6.1,0.0607,0.0373,0.6182,"n.s."
"174","Paho",0.239471698435472,0.0865,"USA",40.3993,-93.6558,983000,9,0.6806,0.0516,0.2393,"n.s."
"175","Papoose Pond",0.0469226963512677,0.4044,"USA",44.2325,-70.7132,283000,4.57,0,0.1019,0.7652,"n.s."
"176","Saddleback ",0.176681792399319,6e-04,"USA",44.9703,-70.5606,1360000,4.27,0,0.0056,0.8546,"*"
"177","Sand (Walden) Pond",-0.018901191606032,0.317,"USA",43.9543,-70.7667,1004000,13.41,0.0414,0.0677,0.838,"n.s."
"178","Shayne",0.0343119658119653,0.378,"USA",37.9,-90.64,296000,17,0.1333,0.2135,0.6256,"n.s."
"179","Smithville",0.0104433522206961,0.8701,"USA",39.3979,-94.554,28680000,16,0.7851,0.071,0.1007,"n.s."
"180","Stockton",0.0785070713491181,0.4982,"USA",37.6917,-93.7666,112268000,29,0.5652,0.0702,0.3332,"n.s."
"181","Vandalia",0.260547785547785,0.1195,"USA",39.2375,-91.5389,85000,4,0.8199,0.0648,0.0589,"n.s."
"182","Viking",-0.0534062944018186,0.5352,"USA",39.9377,-94.0569,2073000,18,0.6843,0.1046,0.1763,"n.s."
"183","Ashuelot Pond",0.160079704609116,0.003,"USA",43.1498,-72.1488,NA,NA,0.0078,0.0207,0.7771,"*"
"184","Atkinson",0.0453674028822056,0.4137,"USA",38.0064,-94.0461,1946000,8.53,0.5867,0.0298,0.3482,"n.s."
"185","Blaisdell",0.0443387654320986,0.535,"USA",43.2878,-71.9368,NA,NA,0.0163,0.0483,0.6843,"n.s."
"186","CALHOUN",-0.0397872752458284,0.0196,"USA",44.9399,-93.3104,1704000,27.4,7e-04,0.9099,0.0034,"*"
"187","Canaan Street",0.0570922202797202,0.3153,"USA",43.6642,-72.0339,NA,NA,0.0159,0.0296,0.7003,"n.s."
"188","Chase Pond",0.0899848484848484,0.1433,"USA",43.4153,-71.9123,NA,NA,0.0136,0.0339,0.729,"n.s."
"189","Clough Pond",-0.0552951744334098,0.4555,"USA",43.3245,-71.497,NA,NA,0.0013,0.0239,0.7761,"n.s."
"190","Crystal   ",0.0119980158730158,0.86,"USA",43.4434,-71.3111,NA,NA,0.0102,0.0079,0.7614,"n.s."
"191","Deer Ridge",-0.0307606258978712,0.5593,"USA",40.1803,-91.8269,171000,11.58,0.2297,0.0704,0.5623,"n.s."
"192","Dutchman Pond",0.178333333333333,0.0183,"USA",43.4547,-72.0234,NA,NA,0,0.0283,0.7892,"*"
"193","Ellis (Roxbury, Silver) Pond",0.01939,0.5085,"USA",44.659,-70.6758,3721000,13.11,3e-04,0.0097,0.8263,"n.s."
"194","Fellows",0.0329617309886918,0.7471,"USA",37.3153,-93.23,2864000,30.48,0.468,0.0845,0.4164,"n.s."
"195","Forest",0.0641223776223775,0.2059,"USA",44.3494,-71.6709,NA,NA,0.0018,0.0214,0.7529,"n.s."
"196","Forest Lake",0.0172385663253361,0.7471,"USA",40.1688,-92.6592,2316000,13.5,0.1048,0.0803,0.7179,"n.s."
"197","Forest Lake (Goose Pond)",0.0203333906169444,0.4536,"USA",43.8211,-70.3301,854000,11.59,0.0065,0.0599,0.7677,"n.s."
"198","Granite",-0.0327659708284047,0.2242,"USA",43.021,-72.1414,NA,NA,0.0066,0.062,0.7861,"n.s."
"199","Halfmoon",0.0620711314828965,0.1725,"USA",43.3911,-71.2277,NA,NA,0.0434,0.0368,0.5446,"n.s."
"200","Henry Sever",-0.0864520833333333,0.199,"USA",40.0058,-91.975,567000,12.5,0.6516,0.0476,0.2298,"n.s."
"201","Higginsville",0.0264720678507863,0.3875,"USA",39.0617,-93.67,716000,10.36,0.8123,0.0595,0.1108,"n.s."
"202","Hills Pond",0.0294013504611331,0.5085,"USA",43.4813,-71.3032,NA,NA,0.0028,0.0165,0.8203,"n.s."
"203","Kezar",0.178516697303922,0.0092,"USA",43.3614,-71.9501,NA,NA,0.0389,0.0907,0.5712,"*"
"204","Kolelemook",0.0333707264957266,0.2933,"USA",43.4885,-72.0417,NA,NA,0.0051,0.0223,0.7681,"n.s."
"205","Kraut Run",0.0155336257309937,0.778,"USA",38.7353,-90.7619,586000,6.71,0.3802,0.0749,0.4931,"n.s."
"206","Lincoln",-0.0972188251563251,0.4137,"USA",39.0203,-90.9217,128000,21.03,0.0358,0.0762,0.851,"n.s."
"207","Little Dixie",0.0360263392857144,0.3153,"USA",38.9056,-92.1222,785000,12.8,0.6192,0.0386,0.3194,"n.s."
"208","Little Prairie",-0.00866491907107715,0.8701,"USA",37.9969,-91.6917,389000,14.63,0.2748,0.0665,0.6391,"n.s."
"209","Little Sebago ",0.0475078874031174,0.129,"USA",43.8721,-70.4187,8134000,15.85,0.0047,0.0704,0.7973,"n.s."
"210","Long Branch",0.0105951993200381,0.8701,"USA",39.7514,-92.515,9854000,21.64,0.6319,0.0553,0.2518,"n.s."
"211","Massasecum",0.0544317617866003,0.2673,"USA",43.2427,-71.9127,NA,NA,0.0056,0.0201,0.8174,"n.s."
"212","North",0.189624328773236,0.003,"USA",38.6861,-94.3583,153000,8.53,0.8205,0.0575,0.0875,"*"
"213","Nubanusit",0.0222452896493931,0.6519,"USA",42.9863,-72.0577,NA,NA,0.0019,0.0101,0.8232,"n.s."
"214","Partridge",-0.0276918412433568,0.1725,"USA",44.3096,-71.8827,NA,NA,0.0267,0.0208,0.7575,"n.s."
"215","Pawtuckaway",-0.0265287356321841,0.6277,"USA",43.0872,-71.1381,NA,NA,0.0143,0.0243,0.6768,"n.s."
"216","Perkins Pond",0.0966666666666669,0.2244,"USA",43.4095,-72.1165,NA,NA,0.0146,0.0484,0.6964,"n.s."
"217","Pleasant Pond",0.0620635166058507,0.1029,"USA",44.3189,-70.2255,773000,20.73,0.0937,0.157,0.6599,"n.s."
"218","Post Pond",0.273826086956522,1e-04,"USA",43.8273,-72.1502,NA,NA,0.0157,0.0111,0.8482,"*"
"219","Rain Tree",0.0181106785167977,0.7471,"USA",38.835,-94.3817,876000,10,0.5017,0.4694,0.0224,"n.s."
"220","Rand Pond",-0.139548717948718,0.1586,"USA",43.319,-72.1079,NA,NA,0.0017,0.0315,0.7564,"n.s."
"221","Round Pond",0.0433439582729643,0.8431,"USA",44.9981,-70.718,543000,15.24,0,0.0044,0.8212,"n.s."
"222","Spofford",0.0399714171107081,0.2059,"USA",42.9171,-72.4396,NA,NA,0.0224,0.072,0.6526,"n.s."
"223","Stinson",0.047626792750197,0.2901,"USA",43.868,-71.7986,NA,NA,0.0013,0.0067,0.9143,"n.s."
"224","Stocker Pond",0.0335497835497834,0.4986,"USA",43.4825,-72.1102,NA,NA,0.0074,0.1079,0.6365,"n.s."
"225","Sunset",0.0357446808510637,0.1583,"USA",43.4742,-71.3096,NA,NA,0.0019,0.0128,0.8062,"n.s."
"226","Todd",-0.138667443667444,0.1278,"USA",43.2803,-71.9682,NA,NA,0.0192,0.0168,0.753,"n.s."
"227","Watkins Mill",-0.0831406039136302,0.1574,"USA",39.3933,-94.2631,439000,15.85,0.4759,0.083,0.3632,"n.s."
"228","Webster",-0.0552210474618891,0.3092,"USA",43.4668,-71.6827,NA,NA,0.0351,0.0215,0.7568,"n.s."
"229","White Oak Pond",0.0259174641148325,0.5666,"USA",43.7175,-71.5576,NA,NA,0.0165,0.009,0.7317,"n.s."
"230","Acton",0.0823810708457351,0.0265,"USA",39.5628,-84.7406,2530000,NA,0.7493,0.0203,0.0957,"*"
"231","Cannonsville Reservoir",0.0393998010480061,0.0561,"USA",42.0661,-75.3748,19072000,44.7,0.1623,0.0174,0.64,"n.s."
"232","CLEARWATER (WEST)",0.218869805579724,0.174,"USA",45.3152,-94.1274,6001000,21.3,0.541,0.0346,0.1002,"n.s."
"233","Great Pond",0.0283695026058844,0.3587,"USA",44.5333,-69.8409,34547000,21.04,0.0443,0.051,0.6183,"n.s."
"234","HIAWATHA",-0.105550382440972,0.0063,"USA",44.9211,-93.2362,219000,9.4,0.1026,0.4217,0.0586,"*"
"235","Little Ossipee ",0.0383276063621135,0.0235,"USA",43.6113,-70.6992,2255000,22.56,0.0302,0.0971,0.6599,"*"
"236","Long",0.0452083333333331,0.5841,"USA",45.2162,-67.609,2462000,7.62,0.0057,0.0015,0.6435,"n.s."
"237","LORING (S. BAY)",0.0908967374174147,0.0183,"USA",44.9691,-93.2843,14000,NA,7e-04,0.9763,0,"*"
"238","Neversink Reservoir",-0.0357603963513477,0.0628,"USA",41.8222,-74.6424,6041000,51.3,0.0078,0.0053,0.9344,"n.s."
"239","NOKOMIS",-0.0120008592230815,0.6277,"USA",44.9075,-93.2405,826000,10.1,0.0025,0.8909,0.0053,"n.s."
"240","POWDERHORN",0.244896734006734,4e-04,"USA",44.9409,-93.2562,45000,6.1,0,0.9966,1e-04,"*"
"241","Seal Cove Pond",-0.0185268116648557,0.5683,"USA",44.3022,-68.397,1032000,13.41,0,0.0427,0.7647,"n.s."
"242","Upper Hadlock Pond",-0.00927855293427696,0.8335,"USA",44.3216,-68.2874,154000,11.28,0,0.0707,0.736,"n.s."
"243","WIRTH",-0.0065866672826389,0.7576,"USA",44.9825,-93.3231,150000,7.6,0,0.5365,0.3006,"n.s."
"244","Androscoggin ",0.130747591087601,0.0122,"USA",44.3242,-70.085,16275000,11.59,0.0422,0.0482,0.6605,"*"
"245","Blind Poney",0.117488038950805,0.098,"USA",39.0316,-93.3681,434000,7,0.6601,0.0466,0.2246,"n.s."
"246","Granger Pond",-0.019730940092715,0.7098,"USA",43.9553,-70.7867,506000,8.54,0.0433,0.0433,0.8735,"n.s."
"247","Irvine",0.0437606837606839,0.4047,"USA",48.3059,-99.1725,0,0,0.7279,0.0408,0.0107,"n.s."
"248","Kezar Pond",-0.17330850522027,0.0748,"USA",44.3158,-69.9166,81000,7.01,0.0208,0.1455,0.7746,"n.s."
"249","Pleasant",0.0470936511197863,0.1501,"USA",43.4288,-71.9594,NA,NA,0.0148,0.03,0.7942,"n.s."
"250","Sammamish",-0.0141260457334078,0.4282,"USA",47.6085,-122.0878,19800000,32,0.0156,0.3711,0.5435,"n.s."
"251","Washington",0.0202632935907523,0,"USA",47.6215,-122.2558,87600000,65,0.0084,0.4897,0.4123,"*"
"252","Big Bear & Little Bear Pond",0.115197368421053,0.008,"USA",44.3389,-70.2782,1769000,8.54,0.0205,0.0503,0.8652,"*"
"253","Big Moose",0.0837554769127064,0.0408,"USA",43.8169,-74.8561,5125000,21.3,0.0015,0.0057,0.799,"*"
"254","Brooktrout",-0.0121073080481036,0.7619,"USA",43.601,-74.6606,287000,23.2,0,0.0083,0.9058,"n.s."
"255","Carry",0.0794972766884531,0.7603,"USA",43.682,-74.4886,28000,4.6,0,0.021,0.6573,"n.s."
"256","Cascade",0.123191699604743,0.008,"USA",43.7891,-74.812,404000,6.1,0.0016,0.0035,0.7237,"*"
"257","Constable",0.0527847712418301,0.583,"USA",43.831,-74.8064,206000,4,3e-04,0.0049,0.7952,"n.s."
"258","Dart",0.0267332995951417,0.4487,"USA",43.7938,-74.8726,518000,17.7,0.0015,0.0056,0.7579,"n.s."
"259","G",0.184006302521008,0.028,"USA",43.4171,-74.6339,322000,9.8,2e-04,0.0033,0.9385,"*"
"260","Grass",0.12371259175607,0.3601,"USA",43.693,-75.0608,53000,5.2,3e-04,0.0013,0.9095,"n.s."
"261","Indian",-0.0788404761904761,0.2558,"USA",43.6229,-74.7607,332000,10.7,0.0011,0.0047,0.8722,"n.s."
"262","Jockeybush",0.0523236481033091,0.5022,"USA",43.3028,-74.5914,173000,11.3,0,0.0075,0.9195,"n.s."
"263","Limekiln",0.0249604651162789,0.7619,"USA",43.713,-74.8125,1869000,21.9,5e-04,0.0096,0.8485,"n.s."
"264","MEDICINE",-0.104148102580397,0.001,"USA",45.0052,-93.4148,3838000,14.9,0.0053,0.8648,0.0126,"*"
"265","Moss",-0.0173740842490842,0.8202,"USA",43.7814,-74.853,457000,15.2,0.002,0.0034,0.7311,"n.s."
"266","MUD",-0.0470945954463888,0.174,"USA",46.883,-95.8599,NA,NA,0.2631,0.0292,0.2264,"n.s."
"267","Panther Pond",-0.00716792175972601,0.8215,"USA",43.9282,-70.4648,5737000,20.73,0.0232,0.0757,0.7511,"n.s."
"268","Perley Pond",0.065275350140056,0.2049,"USA",43.9672,-70.7463,275000,8.23,0.0151,0.0726,0.7834,"n.s."
"269","REBECCA",-0.0521277937995674,0.1837,"USA",45.0652,-93.7404,947000,9.1,0.3728,0.0154,0.0761,"n.s."
"270","Rondaxe",0.0887301587301588,0.1501,"USA",43.7609,-74.9159,905000,10.1,0.0016,0.0054,0.7464,"n.s."
"271","Sagamore",0.0398728918870939,0.1501,"USA",43.7661,-74.6284,680000,22.9,0.0014,0.001,0.9194,"n.s."
"272","South",0.0704222972972972,0.0956,"USA",43.511,-74.8759,1974000,18.3,0.0012,0.0045,0.8763,"n.s."
"273","SPRING",0.235992182989118,0.0265,"USA",44.9702,-93.2968,NA,NA,0,0.9999,0,"*"
"274","Squaw",0.0411908831908832,0.2558,"USA",43.6351,-74.7396,364000,6.7,0.001,0.0113,0.8113,"n.s."
"275","STEIGER",0.0872259595959598,0.0582,"USA",44.8677,-93.6593,1137000,12.2,0.0556,0.4713,0.108,"n.s."
"276","Lake Mendota",0.0183512184541679,0.7398,"USA",43.1113,-89.4255,39610000,25.3,0.67,0.2246,0.0473,"n.s."
"277","Lake Monona",-0.00275712278994956,1,"USA",43.0678,-89.3626,13240000,22.5,0.5603,0.2841,0.0447,"n.s."
"278","Millen Pond",-0.127377437417655,0.015,"USA",43.1684,-72.1212,NA,NA,0.0107,0.0218,0.7592,"*"
"279","SPURZEM",-0.118667108856203,0.0118,"USA",45.0363,-93.6222,263000,11,0.1043,0.3531,0.07,"*"
"280","Upper Range Pond",0.154954710144928,0.0028,"USA",44.0053,-70.3989,1445000,11.59,0.0251,0.0684,0.8399,"*"
"281","Witch Hole Pond",0.0405028103044499,0.1019,"USA",44.3999,-68.2431,97000,9.45,0,0.0974,0.6921,"n.s."
"282","Dorrs Pond",0.0207031250000003,0.6243,"USA",43.0142,-71.4548,NA,NA,0.0035,0.7072,0.1221,"n.s."
"283","Fish Lake",0.0267886131997471,0.3145,"USA",43.2872,-89.6531,874000,18.9,0.5332,0.0606,0.2451,"n.s."
"284","Highland (Duck) ",0.01083477405281,0.6946,"USA",43.7736,-70.3568,2591000,20.43,0.0212,0.0919,0.6638,"n.s."
"285","Lake Wingra",0.0522645154553054,0.0744,"USA",43.0534,-89.4182,1396000,6.7,0.0331,0.7681,0.1012,"n.s."
"286","Little Wilson (French, Ramsdell) Pond",-0.0863519813519812,0.0408,"USA",44.2044,-70.2879,453000,17.07,0.0844,0.0508,0.6995,"*"
"287","TWIN",-0.0891957024343807,0.1075,"USA",45.0403,-93.0901,146000,10.1,0.0514,0.4649,0.109,"n.s."
"288","Back Pond Kezar (Five Kezar Ponds)",0.0696535323588894,0.3145,"USA",44.2099,-70.8138,219000,9.76,0,0.0198,0.943,"n.s."
"289","Cushman Pond",-0.225769047619047,0.0079,"USA",44.2197,-70.8317,150000,6,0.0017,0.0042,0.896,"*"
"290","Horseshoe Pond",-0.0992791881943971,0.1834,"USA",44.2278,-70.9401,550000,12,0.0017,0.0071,0.9581,"n.s."
"291","Jewett Pond (Five Kezar Ponds)",0.111929082346952,0.0297,"USA",44.2155,-70.7966,174000,12.5,0.0046,0.0153,0.8445,"*"
"292","LITTLE FLOYD",-0.0780403409185223,0.1494,"USA",46.8727,-95.8328,830000,9.8,0.2617,0.0285,0.2226,"n.s."
"293","Little Moose Pond",0.0938888888888885,0.1075,"USA",43.9611,-70.8143,134000,3.96,0.0223,0.066,0.6988,"n.s."
"294","MELISSA",-0.0727903256164125,0.1617,"USA",46.7431,-95.907,7506000,13.1,0.2124,0.0734,0.2296,"n.s."
"295","Middle Pond (Five Kezar Ponds)",0.0113177376260554,0.7703,"USA",44.2075,-70.8104,372000,14.94,0.0011,0.0246,0.8508,"n.s."
"296","Mud Pond 5 Kezars (Five Kezar Ponds)",0.0825657894736842,0.0301,"USA",44.2051,-70.8083,158000,10.67,0.0012,0.0225,0.8605,"*"
"297","Pine Island Pond",0.0117348484848492,0.8796,"USA",42.9329,-71.4489,NA,NA,0.0194,0.1694,0.4306,"n.s."
"298","Pushaw",0.0755649462850274,0.1075,"USA",44.9363,-68.7993,18947000,8.54,0.0914,0.0494,0.5717,"n.s."
"299","Stevens Pond",0.0777622377622375,0.023,"USA",42.9954,-71.4212,NA,NA,3e-04,0.8356,0.048,"*"
"300","WEAVER",-0.0766939218038495,0.0201,"USA",45.1099,-93.5007,597000,17.4,0.014,0.8288,0.0012,"*"
"301","DIAMOND",-0.0135679365003054,0.8219,"USA",45.2014,-93.5053,1651000,2.1,0.29,0.3356,0.0447,"n.s."
"302","HYLAND",-0.0624076903488668,0.4277,"USA",44.8243,-93.3678,420000,2.4,0.0047,0.6572,0.0812,"n.s."
"303","Lake Anasagunticook (Canton Lake)",-0.0314603268693371,0.6243,"USA",44.4256,-70.3239,2421000,16.46,0.0275,0.0281,0.8501,"n.s."
"304","Arrowrock Reservoir",0.168994097964694,0.0798,"USA",43.5919,-115.9167,12545000,0,0.0013,5e-04,0.3355,"n.s."
"305","Bilby Ranch",-0.0646087961745857,0.3434,"USA",40.3481,-95.1333,445000,10,0.5153,0.0337,0.0194,"n.s."
"306","CROSBY",-0.0589206712433257,0.2558,"USA",44.9048,-93.1493,194000,5.79,0.0068,0.7426,0.0346,"n.s."
"307","Leech Main",-0.349405751905753,0.0377,"USA",47.1496,-94.421,NA,13,0.0377,0.018,0.5074,"*"
"308","Mozingo",-0.0435526940362571,0.387,"USA",40.3495,-94.7776,4083000,23.47,0.8186,0.0651,0.0783,"n.s."
"309","Nowaday County",-0.252078722258134,3e-04,"USA",40.4264,-94.8578,295000,16.76,0.6492,0.0469,0.2402,"*"
"310","Paradise (Muddy) Pond",0.055161019912376,0.7731,"USA",44.0252,-69.4873,680000,3.35,0,0.0223,0.6843,"n.s."
"311","Holt Pond",0.0840584415584415,0.5366,"USA",43.9768,-70.6786,166000,3.05,0.0354,0.0507,0.7488,"n.s."
"312","Mary",-0.0675367647058827,0.3247,"USA",42.5233,-88.2567,1323000,10.06,0.0878,0.6325,0.1629,"n.s."
"313","School Section",-0.322874999999998,0.0153,"USA",42.9842,-88.5033,494000,2.44,0.4374,0.0758,0.1999,"*"
"314","Claytor",0.0846409665562927,0.6312,"USA",37.0744,-80.5881,18208000,37.5,0.2045,0.0324,0.5411,"n.s."
"315","CLEARY",-0.13829303119467,0.0357,"USA",44.6931,-93.3907,554000,NA,0.3951,0.0657,0.0758,"*"
"316","Keesus",-0.0900283815611861,0.2661,"USA",43.1692,-88.32,951000,12.8,0.4761,0.3312,0.0652,"n.s."
"317","PEAVEY",0.0876048951048949,0.0294,"USA",44.9646,-93.5361,40000,NA,0.0292,0.5804,0.0823,"*"
"318","North Pine",0.223071903179877,1e-04,"Australia",-27.26405,152.93585,15928977.75,NA,0.2204,0.0797,0.6994,"*"
"319","Naroch",0.0448350694444445,0.032,"Belarus",54.886267,26.720033,76600000,24.8,0.1583,0.0669,0.7722,"*"
"320","Heney",-0.0269847799259562,0.5441,"Canada",45.1281,-79.1022,214000,5.8,0.0207,0,0.9783,"n.s."
"321","Lower Lake Zurich",0.0115159901599016,0.0583,"Switzerland",47.3,8.6,83505249.08,136,0.4463,0.2504,0.2868,"n.s."
"322","Burley-Griffin",0.0398523237052159,0.05,"Australia",-35.29874,149.07303,6365451.87,17,0.4148,0.086,0.498,"*"
"323","Maggiore",0.0138826282940361,0.0218,"Italy",45.944,8.631,212500000,370,0.3312,0.0643,0.5315,"*"
"324","Lugano.South",0.0169030408892713,0.021,"Switzerland and Italy",45.95861111,8.89361111,48582294.75,95,0.2215,0.1342,0.5874,"*"
"325","IISD Experimental Lake 373",-0.0257238313008131,0.0787,"Canada",49.74375,-93.79972222,273000,20.8,0,0,1,"n.s."
"326","Taupo",0.00271405508418115,0.6265,"New Zealand",-38.8069,175.9078,6.16e+08,160,0.0129,1e-04,0.6914,"n.s."
"327","Tikitapu",0.016190476190476,0.5112,"New Zealand",-38.12,176.333,1402797.99,27.5,0.02015,0.01135,0.9685,"n.s."
"328","Blelham Tarn",0.000514928193499615,1,"United Kingdom",54.237,-2.588,110000,14.5,0.7512,2e-04,0.2487,"n.s."
"329","Iseo",0.00487666892962214,0.6519,"Italy",45.71667,10.06667,65300000,251,0.2914,0.0741,0,"n.s."
"330","Mendota",0.0449758812615955,0.1617,"United States",43.099,-89.405,38155282.61,25.3,0.6497,0.2487,0.0442,"n.s."
"331","Monona",0.0158333333333331,0.6746,"United States",43.063,-89.361,13642722.2,22.5,0.0831,0.7685,0.0678,"n.s."
"332","Wingra",0.0109126984126983,0.8796,"United States",43.053,-89.425,1355744.22,6.7,0.0127,0.7605,0.0911,"n.s."
